{"cameraMode":{"drawMode":0,"name":"Shaded","section":"Shading Mode"},"sceneLighting":true,"audioPlay":false,"sceneViewState":{"showFog":true,"showMaterialUpdate":true,"showSkybox":true,"showFlares":true,"showImageEffects":true,"showParticleSystems":true},"in2DMode":false,"pivot":{"x":2.8548130989074709,"y":3.236632823944092,"z":7.288488388061523},"rotation":{"x":0.009288475848734379,"y":0.02131028287112713,"z":0.00019934542069677263,"w":-0.9997372627258301},"size":18.18124771118164,"orthographic":false}