{"cameraMode":{"drawMode":0,"name":"Shaded","section":"Shading Mode"},"sceneLighting":false,"audioPlay":false,"sceneViewState":{"showFog":true,"showMaterialUpdate":true,"showSkybox":false,"showFlares":true,"showImageEffects":true,"showParticleSystems":true},"in2DMode":false,"pivot":{"x":0.0,"y":-0.47999998927116396,"z":1.1613860130310059},"rotation":{"x":0.23871518671512605,"y":0.03581975772976875,"z":-0.008810280822217465,"w":0.9703913331031799},"size":26.352705001831056,"orthographic":false}