{"cameraMode":{"drawMode":0,"name":"Shaded","section":"Shading Mode"},"sceneLighting":false,"audioPlay":false,"sceneViewState":{"showFog":true,"showMaterialUpdate":true,"showSkybox":false,"showFlares":true,"showImageEffects":true,"showParticleSystems":true},"in2DMode":false,"pivot":{"x":1091.9461669921875,"y":604.2021484375,"z":-634.9260864257813},"rotation":{"x":0.00027170058456249535,"y":0.4802993834018707,"z":-0.00014848061255179346,"w":0.8771055936813355},"size":2.3334522247314455,"orthographic":false}