{"cameraMode":{"drawMode":0,"name":"Shaded","section":"Shading Mode"},"sceneLighting":false,"audioPlay":false,"sceneViewState":{"showFog":true,"showMaterialUpdate":true,"showSkybox":false,"showFlares":true,"showImageEffects":true,"showParticleSystems":true},"in2DMode":false,"pivot":{"x":0.2716277539730072,"y":1.4641375541687012,"z":753.5101318359375},"rotation":{"x":0.2096424400806427,"y":0.002342677442356944,"z":-0.0005009287851862609,"w":0.9777776598930359},"size":2.8578836917877199,"orthographic":false}