{"cameraMode":{"drawMode":0,"name":"Shaded","section":"Shading Mode"},"sceneLighting":false,"audioPlay":false,"sceneViewState":{"showFog":true,"showMaterialUpdate":true,"showSkybox":false,"showFlares":true,"showImageEffects":true,"showParticleSystems":true},"in2DMode":false,"pivot":{"x":-0.5700000524520874,"y":1.25,"z":0.949999988079071},"rotation":{"x":0.027350272983312608,"y":0.7962935566902161,"z":-0.03610437363386154,"w":0.6032134890556336},"size":9.595193862915039,"orthographic":false}