{"cameraMode":{"drawMode":0,"name":"Shaded","section":"Shading Mode"},"sceneLighting":true,"audioPlay":false,"sceneViewState":{"showFog":true,"showMaterialUpdate":true,"showSkybox":true,"showFlares":true,"showImageEffects":true,"showParticleSystems":true},"in2DMode":false,"pivot":{"x":-14.416109085083008,"y":-159.12167358398438,"z":832.5921630859375},"rotation":{"x":0.0958603248000145,"y":-0.008352857083082199,"z":0.0008034581551328301,"w":0.9953740239143372},"size":920.5809326171875,"orthographic":false}