{"cameraMode":{"drawMode":0,"name":"Shaded","section":"Shading Mode"},"sceneLighting":false,"audioPlay":false,"sceneViewState":{"showFog":true,"showMaterialUpdate":true,"showSkybox":false,"showFlares":true,"showImageEffects":true,"showParticleSystems":true},"in2DMode":false,"pivot":{"x":17.000001907348634,"y":-14.500005722045899,"z":280.0},"rotation":{"x":0.23871518671512605,"y":0.03581975772976875,"z":-0.008810280822217465,"w":0.9703913331031799},"size":1320.26416015625,"orthographic":false}