{"cameraMode":{"drawMode":0,"name":"Shaded","section":"Shading Mode"},"sceneLighting":false,"audioPlay":false,"sceneViewState":{"showFog":true,"showMaterialUpdate":true,"showSkybox":false,"showFlares":true,"showImageEffects":true,"showParticleSystems":true},"in2DMode":false,"pivot":{"x":-8.269463539123536,"y":25.134445190429689,"z":-80.13416290283203},"rotation":{"x":0.027350272983312608,"y":0.7962935566902161,"z":-0.03610437363386154,"w":0.6032134890556336},"size":4.246145725250244,"orthographic":false}