{"cameraMode":{"drawMode":0,"name":"Shaded","section":"Shading Mode"},"sceneLighting":false,"audioPlay":false,"sceneViewState":{"showFog":true,"showMaterialUpdate":true,"showSkybox":false,"showFlares":true,"showImageEffects":true,"showParticleSystems":true},"in2DMode":false,"pivot":{"x":-0.30000001192092898,"y":0.7999999523162842,"z":-1.2999999523162842},"rotation":{"x":0.12056223303079605,"y":-0.8636056184768677,"z":0.24599842727184297,"w":0.4232548475265503},"size":2.8578836917877199,"orthographic":false}