{"cameraMode":{"drawMode":0,"name":"Shaded","section":"Shading Mode"},"sceneLighting":false,"audioPlay":false,"sceneViewState":{"showFog":true,"showMaterialUpdate":true,"showSkybox":false,"showFlares":true,"showImageEffects":true,"showParticleSystems":true},"in2DMode":false,"pivot":{"x":-9.399999618530274,"y":28.940000534057618,"z":-75.5999984741211},"rotation":{"x":0.02732919156551361,"y":-0.9311476945877075,"z":0.07137218862771988,"w":0.35655632615089419},"size":22.0,"orthographic":false}