{"cameraMode":{"drawMode":0,"name":"Shaded","section":"Shading Mode"},"sceneLighting":true,"audioPlay":false,"sceneViewState":{"showFog":true,"showMaterialUpdate":true,"showSkybox":true,"showFlares":true,"showImageEffects":true,"showParticleSystems":true},"in2DMode":false,"pivot":{"x":-14.165719985961914,"y":-87.47432708740235,"z":753.83740234375},"rotation":{"x":0.058475155383348468,"y":-0.008377106860280037,"z":0.00048973219236359,"w":0.9982680678367615},"size":753.8482666015625,"orthographic":false}