{"cameraMode":{"drawMode":0,"name":"Shaded","section":"Shading Mode"},"sceneLighting":true,"audioPlay":false,"sceneViewState":{"showFog":true,"showMaterialUpdate":true,"showSkybox":true,"showFlares":true,"showImageEffects":true,"showParticleSystems":true},"in2DMode":false,"pivot":{"x":-8.538594245910645,"y":18.108999252319337,"z":-33.95000076293945},"rotation":{"x":0.14506115019321443,"y":-0.8380323648452759,"z":0.2689056098461151,"w":0.4520655870437622},"size":2.8578836917877199,"orthographic":false}