{"cameraMode":{"drawMode":0,"name":"Shaded","section":"Shading Mode"},"sceneLighting":true,"audioPlay":false,"sceneViewState":{"showFog":true,"showMaterialUpdate":true,"showSkybox":true,"showFlares":true,"showImageEffects":true,"showParticleSystems":true},"in2DMode":false,"pivot":{"x":-215.56666564941407,"y":328.14385986328127,"z":1317.502685546875},"rotation":{"x":-0.04000040143728256,"y":-0.09428787976503372,"z":-0.003791351104155183,"w":0.9947353601455689},"size":6162.57177734375,"orthographic":false}