{"cameraMode":{"drawMode":0,"name":"Shaded","section":"Shading Mode"},"sceneLighting":true,"audioPlay":false,"sceneViewState":{"showFog":true,"showMaterialUpdate":true,"showSkybox":true,"showFlares":true,"showImageEffects":true,"showParticleSystems":true},"in2DMode":false,"pivot":{"x":-1.0698226690292359,"y":0.4393642246723175,"z":3.350212335586548},"rotation":{"x":-0.2516863942146301,"y":-0.04556609317660332,"z":0.01185905933380127,"w":-0.966667652130127},"size":19.48301124572754,"orthographic":false}