{"cameraMode":{"drawMode":0,"name":"Shaded","section":"Shading Mode"},"sceneLighting":true,"audioPlay":false,"sceneViewState":{"showFog":true,"showMaterialUpdate":true,"showSkybox":true,"showFlares":true,"showImageEffects":true,"showParticleSystems":true},"in2DMode":false,"pivot":{"x":7.792558670043945,"y":-369.3787536621094,"z":983.2645263671875},"rotation":{"x":-0.19965782761573792,"y":-0.005295631010085344,"z":0.0010732287773862482,"w":-0.9798616170883179},"size":1254.5224609375,"orthographic":false}