{"cameraMode":{"drawMode":0,"name":"Shaded","section":"Shading Mode"},"sceneLighting":false,"audioPlay":false,"sceneViewState":{"showFog":true,"showMaterialUpdate":true,"showSkybox":false,"showFlares":true,"showImageEffects":true,"showParticleSystems":true},"in2DMode":false,"pivot":{"x":-0.30000001192092898,"y":0.7999999523162842,"z":-1.2999999523162842},"rotation":{"x":0.25828009843826296,"y":0.09343612939119339,"z":-0.025108594447374345,"w":0.961220383644104},"size":2.8578836917877199,"orthographic":false}